error_rate	cycles	trials	failures	logical_error_rate	elapsed_seconds
0.001	12	1000	0	0	13.503421
0.001	12	10000	0	0	86.430723
0.001	12	10000	0	0	113.984961
